ID,Название,Серьезность,Статус,Кейсы,Шаги,Ожидаемый результат,Фактический результат,Где в коде,Комментарий
D-1,Проект не компилируется,Blocker,Обойден локально,все,Собрать проект приложения,Проект собирается,Ошибка компиляции: лишний символ - в строке LoginResult.Error()-,"LoginUseCase.kt, строка 25","Убрал символ в локальной копии, чтобы собрать APK"
D-2,"Кнопка называется «Вход», а не «Войти»",Minor,Подтвержден,TC-01,Открыть приложение,Кнопка «Войти»,Кнопка «Вход»,"strings.xml, action_enter","На макете тоже «Вход», команда подтвердила что главнее требования (Q-3)"
D-3,В логине не проверяются допустимые символы,Major,Не подтвержден,"TC-14, TC-15, TC-16",Ввести в логин Логин / Login1 / Log@in,"Символ не вводится, «Недопустимый символ»","Проверки символов нет ни при вводе, ни при нажатии «Войти»",LoginUseCase.ValidationField.validate() проверяет только пустоту и длину,
D-4,При вставке в логин недопустимые символы не вырезаются,Major,Не подтвержден,TC-17,Вставить из буфера Lo1g@inЖ в логин,"В поле Login, «Недопустимые символы удалены»",Строка вставляется как есть,Обработки вставки нет,
D-5,Ввод не ограничен 50 символами,Minor,"Подтвержден, автотест TC-20","TC-20, TC-21, TC-25",Ввести в логин 51 символ,В поле 50 символов,Вводятся все 51,"В fragment_login.xml у полей нет maxLength, длина проверяется только по кнопке","При нажатии кнопки пользователь видит общее сообщение, см. D-6"
D-6,На любую ошибку одно сообщение «Введены неверные данные»,Major,"Подтвержден, автотест TC-07","TC-07, TC-08, TC-09, TC-11",Нажать «Войти» с пустыми полями,«Введите логин» и «Введите пароль»,«Введены неверные данные»,"LoginFragment показывает incorrect_credentials при любой ошибке, причину (validationField) игнорирует","Пустые поля, длинный логин, логин из пробелов и неверный пароль выглядят одинаково"
D-7,Проверяется только первое невалидное поле,Minor,Не подтвержден,TC-10,"Пустой логин и пустой пароль, «Войти»",Оба сообщения сразу,Только ошибка логина,"LoginUseCase возвращает ошибку первого поля, пароль дальше не проверяется",Трактовка A-5
D-8,В пароле не проверяются запрещенные символы,Major,Не подтвержден,"TC-26, TC-27",Ввести в пароль Pass@word,"@ не вводится, «Недопустимый символ»",Любые символы вводятся,validate() для пароля тоже проверяет только пустоту и длину,
D-9,Логин чувствителен к регистру,Major,"Подтвержден, автотест TC-06",TC-06,"Логин login, пароль Password, «Войти»",Открыт экран «Вход в Alfa-Test выполнен»,"Входа нет, «Введены неверные данные». Так же с LOGIN и lOgIn","RemoteDataSourceProtocol.login(): username != NAME, где NAME = ""Login""",
D-10,Пробелы по краям логина не валидируются,Minor,Не подтвержден,TC-12,"Логин "" Login "", пароль Password, «Войти»","«Логин не может начинаться или заканчиваться пробелом», authorize не вызывается","Значение уходит в authorize, ответ «Введены неверные данные»",validate() отсекает только полностью пустое значение (isBlank),"Логин только из пробелов отсекается как пустой, но с общим текстом (D-6)"
D-11,Во время входа показывается индикатор загрузки и блокируется экран,Trivial,"Не подтвержден, нужно решение",TC-29,"Ввести валидные данные, нажать «Войти»",Индикатора нет,"Экран затемняется, по центру индикатор","fragment_login.xml, loader: полупрозрачный слой на весь экран с clickable=true, держится пока идет authorize (задержка 2 сек)","Этот слой сейчас единственная защита от двойного нажатия. Если убрать без замены, второе нажатие запустит вход повторно, по коду навигации скорее всего будет падение (не проверял). Чинить вместе с защитой, проверить E-2"
H-1,Гипотеза: в темной теме заголовок не читается,,Гипотеза,E-6,,,,"Цвет заголовка жестко черный (styles.xml, ScreenTitle), тема DayNight",Поддержка темы не подтверждена (Q-11)
H-2,Гипотеза: при повороте во время входа результат теряется,,Гипотеза,E-5,,,,"ViewModel создается через lazy во фрагменте, а не через ViewModelProvider",Поддержка поворота не подтверждена (Q-11)
