ID,Тип,Вопрос / допущение,Ответ / почему,Что изменилось
Q-1,вопрос,"Тексты валидаций Login-1/2, Pass-1/2/3 и сообщений InvalidValue/ExceptValue лежат на внутренней вики, где их посмотреть?",Исходить из здравого смысла,"Тексты придумал сам, см. A-1"
Q-2,вопрос,"В описании оборвана фраза «После успешной авторизации ...», что дальше?",Должна открыться страница «Вход в Alfa-Test выполнен»,Совпадает с R-4.3
Q-3,вопрос,Что главнее по тексту кнопки: «Войти» из требований или «Вход» из макета и приложения?,Требования главный источник,"Кнопка должна быть «Войти», D-2 дефект"
Q-4,вопрос,"Пароль: «разрешены все символы», но тут же «при вводе неразрешенных InvalidValue». Что запрещено?","Запрещены  (){}[]|!£$%^&*<>:;#~_-+=,@","R-3.2; TC-24, TC-26, TC-27; D-8"
Q-5,вопрос,"В логине цифры не разрешены, так и задумано?",Да,TC-15
Q-6,вопрос,Учитывается ли регистр логина?,Нет,R-4.4; TC-06; D-9
Q-7,вопрос,Что делать на 51-м символе: не давать ввести или показывать ошибку?,Обрезать до 50 символов,"TC-20, TC-21, TC-25"
Q-8,вопрос,"Логин из пробелов или с пробелами по краям: ошибка, обрезка или нормально?",Ошибка,"R-2.7; TC-11, TC-12; D-10"
Q-9,вопрос,Какое сообщение при неверной паре логин/пароль?,"«Введены неверные данные», как в приложении","R-4.5; TC-04, TC-05"
Q-10,вопрос,"authorize: таймаут, нет сети, нужен ли лоадер и блокировка кнопки, двойное нажатие?",Лоадера и блокировки быть не должно,R-4.6; TC-29; D-11
Q-11,вопрос,Поддерживаются ли поворот экрана и темная тема?,"Точно неизвестно, вроде нет","E-5, E-6 остались проверками без ожидаемого результата"
Q-12,вопрос,Что происходит после входа?,Сообщение об успешном входе,Совпадает с Q-2
Q-13,вопрос,Сохраняется ли вход после перезапуска приложения?,Нет,R-5; TC-28
A-1,допущение,Тексты сообщений: Login-1 (пустой логин или пробелы) «Введите логин»; Login-2 (пробел в начале или конце) «Логин не может начинаться или заканчиваться пробелом»; Pass-1 (пустой пароль) «Введите пароль»; InvalidValue «Недопустимый символ»; ExceptValue «Недопустимые символы удалены»,"Ответ на Q-1. Pass-2 и Pass-3 не использую: непонятно, что они проверяют кроме пустоты, длины и символов",
A-2,допущение,Пробел в пароле запрещен,В ответе на Q-4 список запрещенных начинается с пробела,
A-3,допущение,Пароль чувствителен к регистру,"Q-6 был только про логин, для пароля это обычное поведение",
A-4,допущение,"Ошибки Login-1 и Login-2 показываются по нажатию «Войти», а не во время ввода","Пробел разрешен, плохим он становится только в начале или конце готового значения",
A-5,допущение,"Если ошибок несколько, сообщения показываются у всех полей сразу",Так понимаю «выполняется валидация полей 2 и 3» из требований,
A-6,допущение,"Неразрешенный символ при вводе не попадает в поле, показывается InvalidValue","Для вставки требования говорят «обрезать», для ввода логично так же",
