ID,Требование,Источник
R-1,"Заголовок всегда виден, недоступен для взаимодействия, текст «Вход в Alfa-Test»",требования
R-2.1,"Логин всегда виден и доступен, label «Логин», по умолчанию пусто",требования
R-2.2,"Логин: разрешены латинские буквы A-Z, a-z, символы . , / ' _ - и пробел; цифры нельзя","требования, Q-5"
R-2.3,"Логин: максимум 50 символов, лишнее обрезается до 50","требования, Q-7"
R-2.4,Логин: при вводе неразрешенного символа сообщение InvalidValue,требования
R-2.5,"Логин: при вставке недопустимые символы обрезаются, сообщение ExceptValue",требования
R-2.6,"Логин: валидации Login-1, Login-2",требования
R-2.7,Логин из одних пробелов или с пробелами по краям считается ошибкой,Q-8
R-3.1,"Пароль всегда виден и доступен, label «Пароль», по умолчанию пусто",требования
R-3.2,"Пароль: запрещены пробел ( ) { } [ ] | ! £ $ % ^ & * < > : ; # ~ _ - + = , @, остальное можно. При вводе запрещенного InvalidValue, при вставке обрезка и ExceptValue","Q-4, A-2"
R-3.3,Пароль: введенные символы маскируются •,требования
R-3.4,"Пароль: максимум 50 символов, лишнее обрезается до 50","требования, Q-7"
R-3.5,"Пароль: нечетное нажатие на значок показывает символы, четное скрывает",требования
R-3.6,"Пароль: валидации Pass-1, Pass-2, Pass-3",требования
R-4.1,"Кнопка всегда видна и доступна, называется «Войти»","требования, Q-3"
R-4.2,"По нажатию кнопки валидируются логин и пароль, при ошибках показываются сообщения валидации",требования
R-4.3,"Вызывается authorize, при успехе переход на экран «Вход в Alfa-Test выполнен»","требования, Q-2, Q-12"
R-4.4,Регистр логина при входе не учитывается,Q-6
R-4.5,При неверной паре логин/пароль сообщение «Введены неверные данные»,Q-9
R-4.6,Индикатора загрузки и блокировки кнопки при входе нет,Q-10
R-5,"Вход не сохраняется, после перезапуска снова экран входа",Q-13
